unit_id,tipo,pagina,encabezado,subencabezado,clausula,ubicacion_dentro_de_clausula,texto_normalizado,texto_original
B-000001,question,,Spec §3.1 Base 16 questions,Q1 Name,Q1,prompt §3.1,"Q1 (Name) — Question: Nombre completo | Type: text | Options/Field: Free text, required","Q1 (Name) — Question: Nombre completo | Type: text | Options/Field: Free text, required"
B-000002,question,,Spec §3.1 Base 16 questions,Q2 Gender,Q2,prompt §3.1,"Q2 (Gender) — Question: Género | Type: single, required | Options/Field: Hombre · Mujer · Prefiero no mencionarlo","Q2 (Gender) — Question: Género | Type: single, required | Options/Field: Hombre · Mujer · Prefiero no mencionarlo"
B-000003,question,,Spec §3.1 Base 16 questions,Q3 Emotion,Q3,prompt §3.1,"Q3 (Emotion) — Question: ¿Qué quieres sentir al salir del club? | Type: single, required | Options/Field: Descargar tensión y salir con energía · Llenarme de energía, listo para el día · Recuperar fuerza para mi día a día · Sentirme más seguro de mí mismo · Relajarme y bajarle al estrés","Q3 (Emotion) — Question: ¿Qué quieres sentir al salir del club? | Type: single, required | Options/Field: Descargar tensión y salir con energía · Llenarme de energía, listo para el día · Recuperar fuerza para mi día a día · Sentirme más seguro de mí mismo · Relajarme y bajarle al estrés"
B-000004,question,,Spec §3.1 Base 16 questions,Q4 Goal,Q4,prompt §3.1,"Q4 (Goal) — Question: ¿Qué buscas? | Type: multi, max 2, required | Options/Field: Bajar de peso · Mejorar mi estética corporal · Ganar fuerza · Mejorar condición y aguante · Recuperarme de una lesión o dolor","Q4 (Goal) — Question: ¿Qué buscas? | Type: multi, max 2, required | Options/Field: Bajar de peso · Mejorar mi estética corporal · Ganar fuerza · Mejorar condición y aguante · Recuperarme de una lesión o dolor"
B-000005,question,,Spec §3.1 Base 16 questions,Q5 Pace,Q5,prompt §3.1,"Q5 (Pace) — Question: ¿Qué ritmo va contigo? | Type: single, required | Options/Field: Intenso, que me rete · Moderado y constante · Suave/controlado","Q5 (Pace) — Question: ¿Qué ritmo va contigo? | Type: single, required | Options/Field: Intenso, que me rete · Moderado y constante · Suave/controlado"
B-000006,question,,Spec §3.1 Base 16 questions,Q6 Setting,Q6,prompt §3.1,"Q6 (Setting) — Question: ¿Dónde prefieres entrenar? | Type: single, required | Options/Field: En piso / área seca · En la alberca · Ambas · Lo que mi entrenador recomiende","Q6 (Setting) — Question: ¿Dónde prefieres entrenar? | Type: single, required | Options/Field: En piso / área seca · En la alberca · Ambas · Lo que mi entrenador recomiende"
B-000007,question,,Spec §3.1 Base 16 questions,Q7 Time,Q7,prompt §3.1,"Q7 (Time) — Question: ¿En qué horario prefieres entrenar? | Type: multi, required | Options/Field: Temprano (5:00–8:00) · Media mañana (8:00–11:00) · Mediodía (11:00–14:00) · Primera tarde (14:00–17:00) · Tarde (17:00–20:00) · Noche (20:00–22:00)","Q7 (Time) — Question: ¿En qué horario prefieres entrenar? | Type: multi, required | Options/Field: Temprano (5:00–8:00) · Media mañana (8:00–11:00) · Mediodía (11:00–14:00) · Primera tarde (14:00–17:00) · Tarde (17:00–20:00) · Noche (20:00–22:00)"
B-000008,question,,Spec §3.1 Base 16 questions,Q8 Days,Q8,prompt §3.1,"Q8 (Days) — Question: ¿Qué días prefieres entrenar? | Type: multi, required | Options/Field: L · M · X · J · V · S · D","Q8 (Days) — Question: ¿Qué días prefieres entrenar? | Type: multi, required | Options/Field: L · M · X · J · V · S · D"
B-000009,question,,Spec §3.1 Base 16 questions,Q9 Level,Q9,prompt §3.1,"Q9 (Level) — Question: ¿Cuál es tu nivel de entrenamiento? | Type: single, required | Options/Field: Principiante · Intermedio · Avanzado","Q9 (Level) — Question: ¿Cuál es tu nivel de entrenamiento? | Type: single, required | Options/Field: Principiante · Intermedio · Avanzado"
B-000010,question,,Spec §3.1 Base 16 questions,Q10 History,Q10,prompt §3.1,"Q10 (History) — Question: ¿Vienes de otro gimnasio? | Type: single, required | Options/Field: Sí, vengo de otro gimnasio · Nunca he ido a un gimnasio · Regreso después de una pausa","Q10 (History) — Question: ¿Vienes de otro gimnasio? | Type: single, required | Options/Field: Sí, vengo de otro gimnasio · Nunca he ido a un gimnasio · Regreso después de una pausa"
B-000011,question,,Spec §3.1 Base 16 questions,Q11 PauseLength,Q11,prompt §3.1,"Q11 (PauseLength) — Question: ¿Qué tan larga fue la pausa? | Type: single, conditional | Options/Field: Visible only if Q10 = 'Regreso después de una pausa'. Options: Menos de 3 meses · Entre 3 y 12 meses · Más de un año","Q11 (PauseLength) — Question: ¿Qué tan larga fue la pausa? | Type: single, conditional | Options/Field: Visible only if Q10 = 'Regreso después de una pausa'. Options: Menos de 3 meses · Entre 3 y 12 meses · Más de un año"
B-000012,question,,Spec §3.1 Base 16 questions,Q12 Medical,Q12,prompt §3.1,"Q12 (Medical) — Question: ¿Tienes alguna condición médica? | Type: multi, required | Options/Field: Ninguna · Lesión o dolor articular/muscular · Condición cardiovascular o de presión · Embarazo (visible only if Q2 = Mujer) · Otra, la comento en el club","Q12 (Medical) — Question: ¿Tienes alguna condición médica? | Type: multi, required | Options/Field: Ninguna · Lesión o dolor articular/muscular · Condición cardiovascular o de presión · Embarazo (visible only if Q2 = Mujer) · Otra, la comento en el club"
B-000013,question,,Spec §3.1 Base 16 questions,Q13 Companion-Self,Q13,prompt §3.1,"Q13 (Companion-Self) — Question: ¿Prefieres entrenar solo o acompañado? | Type: single, required | Options/Field: Solo/Sola, a mi ritmo · Acompañado/Acompañada, en clases o grupo · Me da igual","Q13 (Companion-Self) — Question: ¿Prefieres entrenar solo o acompañado? | Type: single, required | Options/Field: Solo/Sola, a mi ritmo · Acompañado/Acompañada, en clases o grupo · Me da igual"
B-000014,question,,Spec §3.1 Base 16 questions,Q14 Companion-Visit,Q14,prompt §3.1,"Q14 (Companion-Visit) — Question: ¿Con quién nos visitas en el club? | Type: single, required | Options/Field: Solo/Sola, es mi momento · Con mi amigo/a · Con mi pareja · Yo y mis hijos · La familia completa","Q14 (Companion-Visit) — Question: ¿Con quién nos visitas en el club? | Type: single, required | Options/Field: Solo/Sola, es mi momento · Con mi amigo/a · Con mi pareja · Yo y mis hijos · La familia completa"
B-000015,question,,Spec §3.1 Base 16 questions,Q15 GeoIntent,Q15,prompt §3.1,"Q15 (GeoIntent) — Question: ¿Buscas el gimnasio cerca de tu casa o de tu trabajo? | Type: single, required | Options/Field: Cerca de mi casa · Cerca de mi trabajo · Ambos · No me importa","Q15 (GeoIntent) — Question: ¿Buscas el gimnasio cerca de tu casa o de tu trabajo? | Type: single, required | Options/Field: Cerca de mi casa · Cerca de mi trabajo · Ambos · No me importa"
B-000016,question,,Spec §3.1 Base 16 questions,Q16 Location,Q16,prompt §3.1,"Q16 (Location) — Question: ¿Dónde queda? | Type: two fields, exactly one required (XOR) | Options/Field: Field A: Código postal (5 digits numeric) · Field B: Colonia (free text). At least one must be present; both filled is acceptable.","Q16 (Location) — Question: ¿Dónde queda? | Type: two fields, exactly one required (XOR) | Options/Field: Field A: Código postal (5 digits numeric) · Field B: Colonia (free text). At least one must be present; both filled is acceptable."
B-000017,rule,,Spec §3.1 Base 16 questions,"Gender concordance (Q13,Q14)",gender-concordance,prompt §3.1,"Gender concordance rule (applies to Q13 and Q14): If Q2 = 'Mujer', render feminine forms ('Sola','Acompañada'). If Q2 = 'Hombre' or 'Prefiero no mencionarlo', render masculine forms ('Solo','Acompañado') as default.","Gender concordance rule (applies to Q13 and Q14): If Q2 = 'Mujer', render feminine forms ('Sola','Acompañada'). If Q2 = 'Hombre' or 'Prefiero no mencionarlo', render masculine forms ('Solo','Acompañado') as default."
B-000018,rule,,Spec §3.2 Weight-loss optionals,WL visibility,WL-trigger,prompt §3.2,Weight-loss optionals visible only if Q4 includes 'Bajar de peso'. Appended after Q16.,Weight-loss optionals visible only if Q4 includes 'Bajar de peso'. Appended after Q16.
B-000019,question,,Spec §3.2 Weight-loss optionals,Q17 WL-Health,Q17,prompt §3.2,"Q17 (WL-Health) — Question: Cuéntanos sobre tu salud actual | Type: multi, optional | Options/Field: Tomo medicamentos GLP-1 (Ozempic, Wegovy, Mounjaro) · He tenido cirugía bariátrica · Estoy bajo tratamiento médico actualmente · Estoy embarazada o en posparto (visible only if Q2 = Mujer) · Tengo hipertensión · Tengo diabetes · Ninguna de las anteriores (exclusive)","Q17 (WL-Health) — Question: Cuéntanos sobre tu salud actual | Type: multi, optional | Options/Field: Tomo medicamentos GLP-1 (Ozempic, Wegovy, Mounjaro) · He tenido cirugía bariátrica · Estoy bajo tratamiento médico actualmente · Estoy embarazada o en posparto (visible only if Q2 = Mujer) · Tengo hipertensión · Tengo diabetes · Ninguna de las anteriores (exclusive)"
B-000020,question,,Spec §3.2 Weight-loss optionals,Q18 WL-Physical,Q18,prompt §3.2,"Q18 (WL-Physical) — Question: Tus datos físicos actuales | Type: numeric, 3 fields, required | Options/Field: Peso kg (30–300) · Altura cm (120–230) · Edad años (15–90). Help: 'Esta información permite construir un plan seguro. Se almacena bajo consentimiento LFPDPPP.'","Q18 (WL-Physical) — Question: Tus datos físicos actuales | Type: numeric, 3 fields, required | Options/Field: Peso kg (30–300) · Altura cm (120–230) · Edad años (15–90). Help: 'Esta información permite construir un plan seguro. Se almacena bajo consentimiento LFPDPPP.'"
B-000021,question,,Spec §3.2 Weight-loss optionals,Q19 WL-ChangeGoal,Q19,prompt §3.2,"Q19 (WL-ChangeGoal) — Question: ¿Cuál es tu objetivo de cambio? | Type: single, required | Options/Field: 1 a 3 kilos · 3 a 6 kilos · 6 a 10 kilos · 10 a 15 kilos · Más de 15 kilos · Sin un número específico. Help: 'Sin promesas clínicas — los rangos son referencia, no compromiso.'","Q19 (WL-ChangeGoal) — Question: ¿Cuál es tu objetivo de cambio? | Type: single, required | Options/Field: 1 a 3 kilos · 3 a 6 kilos · 6 a 10 kilos · 10 a 15 kilos · Más de 15 kilos · Sin un número específico. Help: 'Sin promesas clínicas — los rangos son referencia, no compromiso.'"
B-000022,rule,,Spec §3.2 Weight-loss optionals,YMYL trigger,YMYL,prompt §3.2,"When Q4 includes 'Bajar de peso', a YMYL health disclaimer modal is shown before rendering the result, with the medical reviewer signature. Q4 = 'Mejorar mi estética corporal' does NOT trigger this variant (no YMYL).","When Q4 includes 'Bajar de peso', a YMYL health disclaimer modal is shown before rendering the result, with the medical reviewer signature. Q4 = 'Mejorar mi estética corporal' does NOT trigger this variant (no YMYL)."
B-000023,cifra,,Spec §3.3 Question count summary,PathA,PathA,prompt §3.3,"Path A (no weight loss, no pause): 16 questions visible.","Path A (no weight loss, no pause): 16 questions visible."
B-000024,cifra,,Spec §3.3 Question count summary,PathB,PathB,prompt §3.3,Path B (pause from gym): 17 questions visible (Q1–Q16 + Q11 active).,Path B (pause from gym): 17 questions visible (Q1–Q16 + Q11 active).
B-000025,cifra,,Spec §3.3 Question count summary,PathC,PathC,prompt §3.3,"Path C (weight loss, no pause): 19 questions visible (Q1–Q16 + Q17–Q19).","Path C (weight loss, no pause): 19 questions visible (Q1–Q16 + Q17–Q19)."
B-000026,cifra,,Spec §3.3 Question count summary,PathD,PathD,prompt §3.3,Path D (weight loss + pause): 20 questions visible (Q1–Q16 + Q11 + Q17–Q19).,Path D (weight loss + pause): 20 questions visible (Q1–Q16 + Q11 + Q17–Q19).
B-000027,definicion,,Spec §4 4.1 entrenamiento-con-pesas-individual,page,entrenamiento-con-pesas-individual,prompt §4.1,"New top-level page 'entrenamiento-con-pesas-individual' with 4 subgroups (Fuerza, Hipertrofia, Potencia, Resistencia muscular), derived from ACSM Position Stand 2026 (Currier BS et al., Med Sci Sports Exerc 2026, DOI 10.1249/MSS.0000000000003897). Add to Part 3 IA and Part 5 subpage matrices.","New top-level page 'entrenamiento-con-pesas-individual' with 4 subgroups (Fuerza, Hipertrofia, Potencia, Resistencia muscular), derived from ACSM Position Stand 2026 (Currier BS et al., Med Sci Sports Exerc 2026, DOI 10.1249/MSS.0000000000003897). Add to Part 3 IA and Part 5 subpage matrices."
B-000028,definicion,,Spec §4 4.1 entrenamiento-con-pesas-individual,Fuerza,Fuerza,prompt §4,Subgroup Fuerza — URL slug: /entrenamiento-con-pesas-individual/fuerza,Subgroup Fuerza — URL slug: /entrenamiento-con-pesas-individual/fuerza
B-000029,recomendacion,,Spec §4 4.1 entrenamiento-con-pesas-individual,Fuerza,Fuerza,prompt §4,"Fuerza — Tagline (ES MX): Mover más peso, con técnica sólida.","Fuerza — Tagline (ES MX): Mover más peso, con técnica sólida."
B-000030,requisito,,Spec §4 4.1 entrenamiento-con-pesas-individual,Fuerza,Fuerza,prompt §4,"Fuerza — Prescription: Carga ≥80% 1RM · 2–3 series por ejercicio · 1–5 repeticiones · 2–5 min de descanso entre series · 2–3 sesiones por semana · ejercicios compuestos al inicio de la sesión, rango de movimiento completo.","Fuerza — Prescription: Carga ≥80% 1RM · 2–3 series por ejercicio · 1–5 repeticiones · 2–5 min de descanso entre series · 2–3 sesiones por semana · ejercicios compuestos al inicio de la sesión, rango de movimiento completo."
B-000031,requisito,,Spec §4 4.1 entrenamiento-con-pesas-individual,Fuerza,Fuerza,prompt §4,"Fuerza — Equipment: Pesas libres: barras olímpicas con discos, mancuernas de carga media-alta, kettlebells. Soporte: racks de potencia, bancas de press (planas, inclinadas y declinadas). Máquinas: Smith machine (press y sentadilla con seguridad), hack squat, prensa de pierna pesada. Accesorios: cinturones de levantamiento, muñequeras, magnesio.","Fuerza — Equipment: Pesas libres: barras olímpicas con discos, mancuernas de carga media-alta, kettlebells. Soporte: racks de potencia, bancas de press (planas, inclinadas y declinadas). Máquinas: Smith machine (press y sentadilla con seguridad), hack squat, prensa de pierna pesada. Accesorios: cinturones de levantamiento, muñequeras, magnesio."
B-000032,definicion,,Spec §4 4.1 entrenamiento-con-pesas-individual,Fuerza,Fuerza,prompt §4,"Fuerza — Representative exercises: Sentadilla con barra, peso muerto convencional, peso muerto sumo, press de banca, press militar (de pie), dominadas con peso adicional, remo con barra, hip thrust pesado.","Fuerza — Representative exercises: Sentadilla con barra, peso muerto convencional, peso muerto sumo, press de banca, press militar (de pie), dominadas con peso adicional, remo con barra, hip thrust pesado."
B-000033,recomendacion,,Spec §4 4.1 entrenamiento-con-pesas-individual,Fuerza,Fuerza,prompt §4,Fuerza — Primary benefits: Aumento de fuerza máxima absoluta · incremento de densidad mineral ósea · base neuromuscular para el desarrollo de potencia · mejor postura y fuerza funcional para actividades de la vida diaria · prevención de sarcopenia.,Fuerza — Primary benefits: Aumento de fuerza máxima absoluta · incremento de densidad mineral ósea · base neuromuscular para el desarrollo de potencia · mejor postura y fuerza funcional para actividades de la vida diaria · prevención de sarcopenia.
B-000034,recomendacion,,Spec §4 4.1 entrenamiento-con-pesas-individual,Fuerza,Fuerza,prompt §4,"Fuerza — Ideal user profile: Nivel Intermedio o Avanzado · personas que ya dominan la técnica de los compuestos básicos · objetivos de fuerza pura, rendimiento atlético o desarrollo de base de potencia.","Fuerza — Ideal user profile: Nivel Intermedio o Avanzado · personas que ya dominan la técnica de los compuestos básicos · objetivos de fuerza pura, rendimiento atlético o desarrollo de base de potencia."
B-000035,excepcion,,Spec §4 4.1 entrenamiento-con-pesas-individual,Fuerza,Fuerza,prompt §4,Fuerza — Cautions: Principiantes deben pasar primero por Hipertrofia o Resistencia muscular para construir técnica · contraindicado con lesión articular activa o condiciones cardiovasculares no estabilizadas · requiere supervisión inicial.,Fuerza — Cautions: Principiantes deben pasar primero por Hipertrofia o Resistencia muscular para construir técnica · contraindicado con lesión articular activa o condiciones cardiovasculares no estabilizadas · requiere supervisión inicial.
B-000036,definicion,,Spec §4 4.1 entrenamiento-con-pesas-individual,Hipertrofia,Hipertrofia,prompt §4,Subgroup Hipertrofia — URL slug: /entrenamiento-con-pesas-individual/hipertrofia,Subgroup Hipertrofia — URL slug: /entrenamiento-con-pesas-individual/hipertrofia
B-000037,recomendacion,,Spec §4 4.1 entrenamiento-con-pesas-individual,Hipertrofia,Hipertrofia,prompt §4,"Hipertrofia — Tagline (ES MX): Más músculo, menos grasa, mejor figura.","Hipertrofia — Tagline (ES MX): Más músculo, menos grasa, mejor figura."
B-000038,requisito,,Spec §4 4.1 entrenamiento-con-pesas-individual,Hipertrofia,Hipertrofia,prompt §4,Hipertrofia — Prescription: Volumen semanal ≈10 series por grupo muscular · rango de carga amplio (60–85% 1RM funciona) · 6–15 repeticiones · 60–90 s de descanso entre series · 2–4 sesiones por semana · prioridad al volumen total semanal sobre el detalle del rango de carga.,Hipertrofia — Prescription: Volumen semanal ≈10 series por grupo muscular · rango de carga amplio (60–85% 1RM funciona) · 6–15 repeticiones · 60–90 s de descanso entre series · 2–4 sesiones por semana · prioridad al volumen total semanal sobre el detalle del rango de carga.
B-000039,requisito,,Spec §4 4.1 entrenamiento-con-pesas-individual,Hipertrofia,Hipertrofia,prompt §4,"Hipertrofia — Equipment: Pesas libres: mancuernas de rango completo, barras EZ, kettlebells. Máquinas selectorizadas: prensa de pierna, leg curl, leg extension, jalón al pecho, remo sentado, press de hombros, máquina pec deck. Cables y poleas: torre de cable con manijas intercambiables. Bandas: para sobrecarga acomodada en posiciones acortadas. Bancas regulables.","Hipertrofia — Equipment: Pesas libres: mancuernas de rango completo, barras EZ, kettlebells. Máquinas selectorizadas: prensa de pierna, leg curl, leg extension, jalón al pecho, remo sentado, press de hombros, máquina pec deck. Cables y poleas: torre de cable con manijas intercambiables. Bandas: para sobrecarga acomodada en posiciones acortadas. Bancas regulables."
B-000040,definicion,,Spec §4 4.1 entrenamiento-con-pesas-individual,Hipertrofia,Hipertrofia,prompt §4,"Hipertrofia — Representative exercises: Sentadilla goblet, prensa de pierna, hip thrust, curl de bíceps (mancuerna y cable), elevaciones laterales, jalón al pecho, cruces en polea, extensiones de tríceps, leg curl, leg extension, remo sentado en cable, press de hombros con mancuernas.","Hipertrofia — Representative exercises: Sentadilla goblet, prensa de pierna, hip thrust, curl de bíceps (mancuerna y cable), elevaciones laterales, jalón al pecho, cruces en polea, extensiones de tríceps, leg curl, leg extension, remo sentado en cable, press de hombros con mancuernas."
B-000041,recomendacion,,Spec §4 4.1 entrenamiento-con-pesas-individual,Hipertrofia,Hipertrofia,prompt §4,Hipertrofia — Primary benefits: Aumento de masa muscular (área de sección transversal) · recomposición corporal · mejora de estética corporal (definición y volumen) · mejora de la sensibilidad a la insulina · mantenimiento de masa magra durante déficit calórico (clave para Bajar de peso).,Hipertrofia — Primary benefits: Aumento de masa muscular (área de sección transversal) · recomposición corporal · mejora de estética corporal (definición y volumen) · mejora de la sensibilidad a la insulina · mantenimiento de masa magra durante déficit calórico (clave para Bajar de peso).
B-000042,recomendacion,,Spec §4 4.1 entrenamiento-con-pesas-individual,Hipertrofia,Hipertrofia,prompt §4,Hipertrofia — Ideal user profile: Cualquier nivel · meta principal 'Mejorar mi estética corporal' o 'Bajar de peso' · personas que buscan recomposición · transición desde principiante hacia entrenamientos más exigentes.,Hipertrofia — Ideal user profile: Cualquier nivel · meta principal 'Mejorar mi estética corporal' o 'Bajar de peso' · personas que buscan recomposición · transición desde principiante hacia entrenamientos más exigentes.
B-000043,excepcion,,Spec §4 4.1 entrenamiento-con-pesas-individual,Hipertrofia,Hipertrofia,prompt §4,Hipertrofia — Cautions: Volumen alto requiere recuperación adecuada · principiantes deben empezar con cargas conservadoras y técnica antes de buscar volumen.,Hipertrofia — Cautions: Volumen alto requiere recuperación adecuada · principiantes deben empezar con cargas conservadoras y técnica antes de buscar volumen.
B-000044,definicion,,Spec §4 4.1 entrenamiento-con-pesas-individual,Potencia,Potencia,prompt §4,Subgroup Potencia — URL slug: /entrenamiento-con-pesas-individual/potencia,Subgroup Potencia — URL slug: /entrenamiento-con-pesas-individual/potencia
B-000045,recomendacion,,Spec §4 4.1 entrenamiento-con-pesas-individual,Potencia,Potencia,prompt §4,Potencia — Tagline (ES MX): Fuerza que se mueve rápido.,Potencia — Tagline (ES MX): Fuerza que se mueve rápido.
B-000046,requisito,,Spec §4 4.1 entrenamiento-con-pesas-individual,Potencia,Potencia,prompt §4,Potencia — Prescription: Carga moderada 30–70% 1RM · 3–6 repeticiones · intención concéntrica de máxima velocidad · 2–5 min de descanso entre series · 2–3 sesiones por semana · ejercicios explosivos al inicio de la sesión cuando el sistema nervioso está fresco.,Potencia — Prescription: Carga moderada 30–70% 1RM · 3–6 repeticiones · intención concéntrica de máxima velocidad · 2–5 min de descanso entre series · 2–3 sesiones por semana · ejercicios explosivos al inicio de la sesión cuando el sistema nervioso está fresco.
B-000047,requisito,,Spec §4 4.1 entrenamiento-con-pesas-individual,Potencia,Potencia,prompt §4,"Potencia — Equipment: Pesas libres: barras olímpicas, mancuernas de mango ancho, kettlebells de peso variable. Implementos balísticos: balones medicinales (slam balls), wall balls. Plyo boxes (varias alturas). Bandas y cadenas (resistencia acomodada para clean y press). Plataformas de levantamiento (tarima absorbente). Air bike opcional para acondicionamiento anaeróbico complementario.","Potencia — Equipment: Pesas libres: barras olímpicas, mancuernas de mango ancho, kettlebells de peso variable. Implementos balísticos: balones medicinales (slam balls), wall balls. Plyo boxes (varias alturas). Bandas y cadenas (resistencia acomodada para clean y press). Plataformas de levantamiento (tarima absorbente). Air bike opcional para acondicionamiento anaeróbico complementario."
B-000048,definicion,,Spec §4 4.1 entrenamiento-con-pesas-individual,Potencia,Potencia,prompt §4,"Potencia — Representative exercises: Power clean, push press, kettlebell swing (americano y ruso), sentadilla con salto (jump squat), lanzamiento de balón medicinal contra pared, box jump, broad jump, push-press, snatch desde el bloque.","Potencia — Representative exercises: Power clean, push press, kettlebell swing (americano y ruso), sentadilla con salto (jump squat), lanzamiento de balón medicinal contra pared, box jump, broad jump, push-press, snatch desde el bloque."
B-000049,recomendacion,,Spec §4 4.1 entrenamiento-con-pesas-individual,Potencia,Potencia,prompt §4,"Potencia — Primary benefits: Mejora de la tasa de producción de fuerza · rendimiento deportivo (sprint, salto, cambios de dirección) · prevención de caídas y recuperación neuromuscular en adultos mayores cuando se prescribe con cargas conservadoras · mejora de la coordinación intermuscular.","Potencia — Primary benefits: Mejora de la tasa de producción de fuerza · rendimiento deportivo (sprint, salto, cambios de dirección) · prevención de caídas y recuperación neuromuscular en adultos mayores cuando se prescribe con cargas conservadoras · mejora de la coordinación intermuscular."
B-000050,recomendacion,,Spec §4 4.1 entrenamiento-con-pesas-individual,Potencia,Potencia,prompt §4,Potencia — Ideal user profile: Nivel Intermedio o Avanzado · base previa de fuerza · deportistas o personas con metas de rendimiento atlético · adultos mayores bajo supervisión específica.,Potencia — Ideal user profile: Nivel Intermedio o Avanzado · base previa de fuerza · deportistas o personas con metas de rendimiento atlético · adultos mayores bajo supervisión específica.
B-000051,excepcion,,Spec §4 4.1 entrenamiento-con-pesas-individual,Potencia,Potencia,prompt §4,Potencia — Cautions: Requiere técnica supervisada · contraindicado con lesión articular aguda · no recomendado como primer contacto con pesas · cargas más bajas y volumen reducido en presencia de hipertensión no controlada.,Potencia — Cautions: Requiere técnica supervisada · contraindicado con lesión articular aguda · no recomendado como primer contacto con pesas · cargas más bajas y volumen reducido en presencia de hipertensión no controlada.
B-000052,definicion,,Spec §4 4.1 entrenamiento-con-pesas-individual,Resistencia muscular,Resistencia muscular,prompt §4,Subgroup Resistencia muscular — URL slug: /entrenamiento-con-pesas-individual/resistencia-muscular,Subgroup Resistencia muscular — URL slug: /entrenamiento-con-pesas-individual/resistencia-muscular
B-000053,recomendacion,,Spec §4 4.1 entrenamiento-con-pesas-individual,Resistencia muscular,Resistencia muscular,prompt §4,"Resistencia muscular — Tagline (ES MX): Aguante para hacer más, durante más tiempo.","Resistencia muscular — Tagline (ES MX): Aguante para hacer más, durante más tiempo."
B-000054,requisito,,Spec §4 4.1 entrenamiento-con-pesas-individual,Resistencia muscular,Resistencia muscular,prompt §4,Resistencia muscular — Prescription: Carga ligera <60% 1RM · 15–25+ repeticiones por serie · 30–60 s de descanso · 2–4 sesiones por semana · volumen total alto · circuitos y supersets aceptables.,Resistencia muscular — Prescription: Carga ligera <60% 1RM · 15–25+ repeticiones por serie · 30–60 s de descanso · 2–4 sesiones por semana · volumen total alto · circuitos y supersets aceptables.
B-000055,requisito,,Spec §4 4.1 entrenamiento-con-pesas-individual,Resistencia muscular,Resistencia muscular,prompt §4,"Resistencia muscular — Equipment: Bandas elásticas de resistencia (loops y tubos con manijas). Peso corporal y suspensión: TRX, anillas, barras de dominadas. Mancuernas ligeras (1–10 kg) y kettlebells ligeros. Implementos de calistenia: pelotas suizas, BOSU, discos de deslizamiento. Cuerdas de batalla (battle ropes).","Resistencia muscular — Equipment: Bandas elásticas de resistencia (loops y tubos con manijas). Peso corporal y suspensión: TRX, anillas, barras de dominadas. Mancuernas ligeras (1–10 kg) y kettlebells ligeros. Implementos de calistenia: pelotas suizas, BOSU, discos de deslizamiento. Cuerdas de batalla (battle ropes)."
B-000056,definicion,,Spec §4 4.1 entrenamiento-con-pesas-individual,Resistencia muscular,Resistencia muscular,prompt §4,"Resistencia muscular — Representative exercises: Circuitos con bandas (full body), sentadillas al aire de alto volumen, planchas (estáticas y dinámicas), TRX rows, walking lunges, step-ups, push-ups, peso corporal en circuit (burpees suaves, mountain climbers), kettlebell complex ligero, escaladores.","Resistencia muscular — Representative exercises: Circuitos con bandas (full body), sentadillas al aire de alto volumen, planchas (estáticas y dinámicas), TRX rows, walking lunges, step-ups, push-ups, peso corporal en circuit (burpees suaves, mountain climbers), kettlebell complex ligero, escaladores."
B-000057,recomendacion,,Spec §4 4.1 entrenamiento-con-pesas-individual,Resistencia muscular,Resistencia muscular,prompt §4,Resistencia muscular — Primary benefits: Aguante muscular local · tono general sin hipertrofia significativa · base neuromuscular para principiantes · joint-friendly para regresos después de pausa · rehabilitación de lesiones leves · mejora de la postura y de los estabilizadores · acondicionamiento metabólico ligero.,Resistencia muscular — Primary benefits: Aguante muscular local · tono general sin hipertrofia significativa · base neuromuscular para principiantes · joint-friendly para regresos después de pausa · rehabilitación de lesiones leves · mejora de la postura y de los estabilizadores · acondicionamiento metabólico ligero.
B-000058,recomendacion,,Spec §4 4.1 entrenamiento-con-pesas-individual,Resistencia muscular,Resistencia muscular,prompt §4,Resistencia muscular — Ideal user profile: Principiantes absolutos · usuarios que regresan después de una pausa larga (Q11) · rehabilitación de lesión leve o dolor articular (Q12) · adultos mayores · personas con meta 'Mejorar condición y aguante' o 'Recuperarme de una lesión o dolor'.,Resistencia muscular — Ideal user profile: Principiantes absolutos · usuarios que regresan después de una pausa larga (Q11) · rehabilitación de lesión leve o dolor articular (Q12) · adultos mayores · personas con meta 'Mejorar condición y aguante' o 'Recuperarme de una lesión o dolor'.
B-000059,excepcion,,Spec §4 4.1 entrenamiento-con-pesas-individual,Resistencia muscular,Resistencia muscular,prompt §4,"Resistencia muscular — Cautions: Verificar técnica básica antes de subir volumen · si hay dolor agudo, derivar a Personal Training supervisado en lugar de individual · embarazadas deben consultar antes de empezar.","Resistencia muscular — Cautions: Verificar técnica básica antes de subir volumen · si hay dolor agudo, derivar a Personal Training supervisado en lugar de individual · embarazadas deben consultar antes de empezar."
B-000060,definicion,,Spec §4 4.2 entrenamiento-aerobico-individual,page,entrenamiento-aerobico-individual,prompt §4.2,"New top-level page 'entrenamiento-aerobico-individual' with 4 subgroups (LISS, MICT, HIIT, SIT), derived from ACSM/ESSA Joint Expert Statement on Physical Activity and Exercise Intensity Terminology, J Sci Med Sport 2024. Add to Part 3 IA and Part 5 subpage matrices.","New top-level page 'entrenamiento-aerobico-individual' with 4 subgroups (LISS, MICT, HIIT, SIT), derived from ACSM/ESSA Joint Expert Statement on Physical Activity and Exercise Intensity Terminology, J Sci Med Sport 2024. Add to Part 3 IA and Part 5 subpage matrices."
B-000061,definicion,,Spec §4 4.2 entrenamiento-aerobico-individual,LISS,LISS,prompt §4,Subgroup LISS — URL slug: /entrenamiento-aerobico-individual/liss,Subgroup LISS — URL slug: /entrenamiento-aerobico-individual/liss
B-000062,recomendacion,,Spec §4 4.2 entrenamiento-aerobico-individual,LISS,LISS,prompt §4,"LISS — Tagline (ES MX): Movimiento sostenido, sin estrés ni impacto.","LISS — Tagline (ES MX): Movimiento sostenido, sin estrés ni impacto."
B-000063,requisito,,Spec §4 4.2 entrenamiento-aerobico-individual,LISS,LISS,prompt §4,"LISS — Prescription: Intensidad <60% VO₂max o <60–65% HRmax · RPE 9–12 en escala de 6–20 de Borg (ligero a moderado-bajo) · ritmo conversacional · 30–60+ min por sesión · 3–6 sesiones por semana, incluyendo recuperación activa.","LISS — Prescription: Intensidad <60% VO₂max o <60–65% HRmax · RPE 9–12 en escala de 6–20 de Borg (ligero a moderado-bajo) · ritmo conversacional · 30–60+ min por sesión · 3–6 sesiones por semana, incluyendo recuperación activa."
B-000064,requisito,,Spec §4 4.2 entrenamiento-aerobico-individual,LISS,LISS,prompt §4,"LISS — Equipment: Caminadora a velocidad de caminata (3–5 km/h, inclinación 0–3%). Bicicleta estática con resistencia mínima. Elíptica con resistencia mínima. Natación a ritmo lento (libre suave o de espalda). Aqua walking en alberca poco profunda. Bicicleta recumbente para limitación lumbar.","LISS — Equipment: Caminadora a velocidad de caminata (3–5 km/h, inclinación 0–3%). Bicicleta estática con resistencia mínima. Elíptica con resistencia mínima. Natación a ritmo lento (libre suave o de espalda). Aqua walking en alberca poco profunda. Bicicleta recumbente para limitación lumbar."
B-000065,definicion,,Spec §4 4.2 entrenamiento-aerobico-individual,LISS,LISS,prompt §4,LISS — Representative exercises: Caminata sostenida a paso natural · bicicleta estática suave 50–60 RPM · elíptica baja resistencia · natación lenta 25 m con descansos · caminata en alberca · recovery walks al aire libre.,LISS — Representative exercises: Caminata sostenida a paso natural · bicicleta estática suave 50–60 RPM · elíptica baja resistencia · natación lenta 25 m con descansos · caminata en alberca · recovery walks al aire libre.
B-000066,recomendacion,,Spec §4 4.2 entrenamiento-aerobico-individual,LISS,LISS,prompt §4,LISS — Primary benefits: Base aeróbica para principiantes · recuperación activa entre sesiones intensas · manejo de estrés y salud mental · baja demanda articular (joint-friendly) · ideal para rehabilitación cardiaca fase I-II · favorece oxidación de grasa como sustrato dominante · acondicionamiento cardiovascular básico. Duración: 30–60+ min por sesión.,LISS — Primary benefits: Base aeróbica para principiantes · recuperación activa entre sesiones intensas · manejo de estrés y salud mental · baja demanda articular (joint-friendly) · ideal para rehabilitación cardiaca fase I-II · favorece oxidación de grasa como sustrato dominante · acondicionamiento cardiovascular básico. Duración: 30–60+ min por sesión.
B-000067,recomendacion,,Spec §4 4.2 entrenamiento-aerobico-individual,LISS,LISS,prompt §4,LISS — Ideal user profile: Principiantes absolutos · rehabilitación post-lesión o post-cirugía · adultos mayores · días de recuperación activa para cualquier nivel · personas con condición cardiovascular estabilizada bajo prescripción médica · meta 'Recuperarme de una lesión o dolor'.,LISS — Ideal user profile: Principiantes absolutos · rehabilitación post-lesión o post-cirugía · adultos mayores · días de recuperación activa para cualquier nivel · personas con condición cardiovascular estabilizada bajo prescripción médica · meta 'Recuperarme de una lesión o dolor'.
B-000068,excepcion,,Spec §4 4.2 entrenamiento-aerobico-individual,LISS,LISS,prompt §4,"LISS — Cautions: Si hay condición cardiaca, requiere clearance médico previo (se marca en Q12) · embarazo es seguro pero con monitoreo de RPE.","LISS — Cautions: Si hay condición cardiaca, requiere clearance médico previo (se marca en Q12) · embarazo es seguro pero con monitoreo de RPE."
B-000069,definicion,,Spec §4 4.2 entrenamiento-aerobico-individual,MICT,MICT,prompt §4,Subgroup MICT — URL slug: /entrenamiento-aerobico-individual/mict,Subgroup MICT — URL slug: /entrenamiento-aerobico-individual/mict
B-000070,recomendacion,,Spec §4 4.2 entrenamiento-aerobico-individual,MICT,MICT,prompt §4,MICT — Tagline (ES MX): El cardio sostenido que produce resultados.,MICT — Tagline (ES MX): El cardio sostenido que produce resultados.
B-000071,requisito,,Spec §4 4.2 entrenamiento-aerobico-individual,MICT,MICT,prompt §4,"MICT — Prescription: Intensidad 60–85% VO₂max o ~50–70% HRR · RPE 12–14 en Borg 6–20 (moderado: puedes hablar, no cantar) · 20–60 min por sesión · 3–5 sesiones por semana · acumulación mínima 150 min/semana de moderado (recomendación ACSM general).","MICT — Prescription: Intensidad 60–85% VO₂max o ~50–70% HRR · RPE 12–14 en Borg 6–20 (moderado: puedes hablar, no cantar) · 20–60 min por sesión · 3–5 sesiones por semana · acumulación mínima 150 min/semana de moderado (recomendación ACSM general)."
B-000072,requisito,,Spec §4 4.2 entrenamiento-aerobico-individual,MICT,MICT,prompt §4,"MICT — Equipment: Caminadora para trote/jog (6–10 km/h, inclinación variable). Bicicleta estática y spin a resistencia media (60–80 RPM). Elíptica resistencia media zancada amplia. Remo ergómetro (Concept2 o equivalente) 20–28 SPM. Stair climber/stepper ritmo moderado. Natación sostenida (libre, dorso o pecho).","MICT — Equipment: Caminadora para trote/jog (6–10 km/h, inclinación variable). Bicicleta estática y spin a resistencia media (60–80 RPM). Elíptica resistencia media zancada amplia. Remo ergómetro (Concept2 o equivalente) 20–28 SPM. Stair climber/stepper ritmo moderado. Natación sostenida (libre, dorso o pecho)."
B-000073,definicion,,Spec §4 4.2 entrenamiento-aerobico-individual,MICT,MICT,prompt §4,MICT — Representative exercises: Trote sostenido 5–7 km/h · bicicleta estática moderada · remo continuo 500 m x 5–8 repeticiones con descanso corto · natación 30–45 min · elíptica moderada · stair stepper a ritmo conversacional.,MICT — Representative exercises: Trote sostenido 5–7 km/h · bicicleta estática moderada · remo continuo 500 m x 5–8 repeticiones con descanso corto · natación 30–45 min · elíptica moderada · stair stepper a ritmo conversacional.
B-000074,recomendacion,,Spec §4 4.2 entrenamiento-aerobico-individual,MICT,MICT,prompt §4,MICT — Primary benefits: Bajar de peso (sostiene déficit con bajo daño muscular) · mejora salud cardiovascular y reduce presión arterial · mejora perfil lipídico y glucosa en ayunas · mejora moderada de VO₂max · base aeróbica para HIIT · salud mental · adherencia largo plazo · estándar ACSM más antiguo y mejor validado para población general. Duración: 20–60 min por sesión.,MICT — Primary benefits: Bajar de peso (sostiene déficit con bajo daño muscular) · mejora salud cardiovascular y reduce presión arterial · mejora perfil lipídico y glucosa en ayunas · mejora moderada de VO₂max · base aeróbica para HIIT · salud mental · adherencia largo plazo · estándar ACSM más antiguo y mejor validado para población general. Duración: 20–60 min por sesión.
B-000075,recomendacion,,Spec §4 4.2 entrenamiento-aerobico-individual,MICT,MICT,prompt §4,MICT — Ideal user profile: Cualquier nivel · meta 'Bajar de peso' · meta 'Mejorar condición y aguante' · usuarios sin tiempo para HIIT pero con tolerancia a sesiones más largas · transición desde LISS a HIIT.,MICT — Ideal user profile: Cualquier nivel · meta 'Bajar de peso' · meta 'Mejorar condición y aguante' · usuarios sin tiempo para HIIT pero con tolerancia a sesiones más largas · transición desde LISS a HIIT.
B-000076,excepcion,,Spec §4 4.2 entrenamiento-aerobico-individual,MICT,MICT,prompt §4,MICT — Cautions: Riesgo articular acumulado en caminadora a alto kilometraje (rotar con bicicleta o elíptica) · no es lo más eficiente en tiempo si solo se busca VO₂max (ahí HIIT gana).,MICT — Cautions: Riesgo articular acumulado en caminadora a alto kilometraje (rotar con bicicleta o elíptica) · no es lo más eficiente en tiempo si solo se busca VO₂max (ahí HIIT gana).
B-000077,definicion,,Spec §4 4.2 entrenamiento-aerobico-individual,HIIT,HIIT,prompt §4,Subgroup HIIT — URL slug: /entrenamiento-aerobico-individual/hiit,Subgroup HIIT — URL slug: /entrenamiento-aerobico-individual/hiit
B-000078,recomendacion,,Spec §4 4.2 entrenamiento-aerobico-individual,HIIT,HIIT,prompt §4,HIIT — Tagline (ES MX): Máximo resultado en mínimo tiempo.,HIIT — Tagline (ES MX): Máximo resultado en mínimo tiempo.
B-000079,requisito,,Spec §4 4.2 entrenamiento-aerobico-individual,HIIT,HIIT,prompt §4,HIIT — Prescription: Intervalos a >85–90% pico VO₂ (o ≥80% HRmax) · intervalo trabajo 30 s – 4 min · recuperación activa o pasiva igual o mayor · 4–10 rondas · sesión total 15–30 min incluyendo calentamiento y enfriamiento · 2–3 sesiones por semana (máximo).,HIIT — Prescription: Intervalos a >85–90% pico VO₂ (o ≥80% HRmax) · intervalo trabajo 30 s – 4 min · recuperación activa o pasiva igual o mayor · 4–10 rondas · sesión total 15–30 min incluyendo calentamiento y enfriamiento · 2–3 sesiones por semana (máximo).
B-000080,requisito,,Spec §4 4.2 entrenamiento-aerobico-individual,HIIT,HIIT,prompt §4,HIIT — Equipment: Caminadora con cambio rápido de velocidad e inclinación (12–18 km/h o sprints en cuesta). Spin bike o estática resistencia rápida-ajustable. Air bike (assault bike) — efectiva por resistencia inercial creciente y engagement de tren superior e inferior. Remo ergómetro (intervalos 500 m o 1 min). Elíptica resistencia alta-ajustable. Stair climber para intervalos de cuesta.,HIIT — Equipment: Caminadora con cambio rápido de velocidad e inclinación (12–18 km/h o sprints en cuesta). Spin bike o estática resistencia rápida-ajustable. Air bike (assault bike) — efectiva por resistencia inercial creciente y engagement de tren superior e inferior. Remo ergómetro (intervalos 500 m o 1 min). Elíptica resistencia alta-ajustable. Stair climber para intervalos de cuesta.
B-000081,definicion,,Spec §4 4.2 entrenamiento-aerobico-individual,HIIT,HIIT,prompt §4,HIIT — Representative exercises: Caminadora 30 s sprint / 30 s caminata x 10–15 rondas · bicicleta 4×4 min al 85–95% HRmax con 3 min recuperación activa · remo Tabata 20 s on / 10 s off x 8 · air bike 30 s all-out / 30 s recovery x 8 · cuestas 1 min al 8–10% / 1 min plano. Duración total 12–30 min.,HIIT — Representative exercises: Caminadora 30 s sprint / 30 s caminata x 10–15 rondas · bicicleta 4×4 min al 85–95% HRmax con 3 min recuperación activa · remo Tabata 20 s on / 10 s off x 8 · air bike 30 s all-out / 30 s recovery x 8 · cuestas 1 min al 8–10% / 1 min plano. Duración total 12–30 min.
B-000082,recomendacion,,Spec §4 4.2 entrenamiento-aerobico-individual,HIIT,HIIT,prompt §4,HIIT — Primary benefits: Mejora de VO₂max mayor que MICT por minuto · oxidación de grasa elevada post-ejercicio (EPOC) · mejora sensibilidad a la insulina superior a MICT en algunos estudios · recomposición corporal · mejor adherencia que MICT con poco tiempo · acondicionamiento metabólico mixto aeróbico-anaeróbico.,HIIT — Primary benefits: Mejora de VO₂max mayor que MICT por minuto · oxidación de grasa elevada post-ejercicio (EPOC) · mejora sensibilidad a la insulina superior a MICT en algunos estudios · recomposición corporal · mejor adherencia que MICT con poco tiempo · acondicionamiento metabólico mixto aeróbico-anaeróbico.
B-000083,recomendacion,,Spec §4 4.2 entrenamiento-aerobico-individual,HIIT,HIIT,prompt §4,HIIT — Ideal user profile: Nivel Intermedio o Avanzado · meta 'Mejorar mi estética corporal' · meta 'Mejorar condición y aguante' · usuarios con tiempo limitado pero base aeróbica suficiente · combinación con Hipertrofia en recomposición.,HIIT — Ideal user profile: Nivel Intermedio o Avanzado · meta 'Mejorar mi estética corporal' · meta 'Mejorar condición y aguante' · usuarios con tiempo limitado pero base aeróbica suficiente · combinación con Hipertrofia en recomposición.
B-000084,excepcion,,Spec §4 4.2 entrenamiento-aerobico-individual,HIIT,HIIT,prompt §4,HIIT — Cautions: Requiere base aeróbica previa (mínimo 4–6 semanas de MICT o LISS) · contraindicación en condición cardiovascular no estabilizada (Q12) · no apto para principiantes absolutos · espaciar 48 h entre sesiones HIIT · no recomendado en embarazo salvo que ya entrenara HIIT antes y con clearance médico.,HIIT — Cautions: Requiere base aeróbica previa (mínimo 4–6 semanas de MICT o LISS) · contraindicación en condición cardiovascular no estabilizada (Q12) · no apto para principiantes absolutos · espaciar 48 h entre sesiones HIIT · no recomendado en embarazo salvo que ya entrenara HIIT antes y con clearance médico.
B-000085,definicion,,Spec §4 4.2 entrenamiento-aerobico-individual,SIT,SIT,prompt §4,Subgroup SIT — URL slug: /entrenamiento-aerobico-individual/sit,Subgroup SIT — URL slug: /entrenamiento-aerobico-individual/sit
B-000086,recomendacion,,Spec §4 4.2 entrenamiento-aerobico-individual,SIT,SIT,prompt §4,"SIT — Tagline (ES MX): Esfuerzos máximos, recuperación completa.","SIT — Tagline (ES MX): Esfuerzos máximos, recuperación completa."
B-000087,requisito,,Spec §4 4.2 entrenamiento-aerobico-individual,SIT,SIT,prompt §4,"SIT — Prescription: Esfuerzos all-out (≥100% VO₂max, supramáximos) · intervalo 10–30 s · recuperación completa pasiva o muy ligera 2–4 min · 4–8 rondas · sesión total 15–25 min incluyendo calentamiento y enfriamiento extensos · 1–2 sesiones por semana máximo.","SIT — Prescription: Esfuerzos all-out (≥100% VO₂max, supramáximos) · intervalo 10–30 s · recuperación completa pasiva o muy ligera 2–4 min · 4–8 rondas · sesión total 15–25 min incluyendo calentamiento y enfriamiento extensos · 1–2 sesiones por semana máximo."
B-000088,requisito,,Spec §4 4.2 entrenamiento-aerobico-individual,SIT,SIT,prompt §4,SIT — Equipment: Air bike (assault bike) — equipo de elección por engagement total y resistencia que escala con el esfuerzo. Spin bike de alta inercia (Wattbike o similar). Caminadora con sprint (>20 km/h) o cuesta empinada. Remo ergómetro all-out 100–250 m. Pista o calle exterior para sprints lineales (si el club tiene acceso).,SIT — Equipment: Air bike (assault bike) — equipo de elección por engagement total y resistencia que escala con el esfuerzo. Spin bike de alta inercia (Wattbike o similar). Caminadora con sprint (>20 km/h) o cuesta empinada. Remo ergómetro all-out 100–250 m. Pista o calle exterior para sprints lineales (si el club tiene acceso).
B-000089,definicion,,Spec §4 4.2 entrenamiento-aerobico-individual,SIT,SIT,prompt §4,SIT — Representative exercises: Wingate clásico — 30 s all-out air bike / 4 min recuperación pasiva x 4–6 · sprints 10–15 s al 100% / 90 s recuperación x 6–10 · remo all-out 250 m / 3 min recuperación x 4–6 · sprints lineales 60–100 m con caminata de regreso. Duración 10–25 min.,SIT — Representative exercises: Wingate clásico — 30 s all-out air bike / 4 min recuperación pasiva x 4–6 · sprints 10–15 s al 100% / 90 s recuperación x 6–10 · remo all-out 250 m / 3 min recuperación x 4–6 · sprints lineales 60–100 m con caminata de regreso. Duración 10–25 min.
B-000090,recomendacion,,Spec §4 4.2 entrenamiento-aerobico-individual,SIT,SIT,prompt §4,SIT — Primary benefits: Máxima mejora de VO₂max documentada por minuto · mayor capacidad anaeróbica glucolítica · gasto calórico alto en tiempo muy corto · mejora del poder máximo · efecto EPOC pronunciado · sirve para deportistas que necesitan capacidad anaeróbica.,SIT — Primary benefits: Máxima mejora de VO₂max documentada por minuto · mayor capacidad anaeróbica glucolítica · gasto calórico alto en tiempo muy corto · mejora del poder máximo · efecto EPOC pronunciado · sirve para deportistas que necesitan capacidad anaeróbica.
B-000091,recomendacion,,Spec §4 4.2 entrenamiento-aerobico-individual,SIT,SIT,prompt §4,SIT — Ideal user profile: Nivel Avanzado · base aeróbica sólida (mínimo 3 meses de MICT o HIIT previos) · deportistas · meta 'Mejorar condición y aguante' en su forma más extrema · sin contraindicación cardiovascular.,SIT — Ideal user profile: Nivel Avanzado · base aeróbica sólida (mínimo 3 meses de MICT o HIIT previos) · deportistas · meta 'Mejorar condición y aguante' en su forma más extrema · sin contraindicación cardiovascular.
B-000092,excepcion,,Spec §4 4.2 entrenamiento-aerobico-individual,SIT,SIT,prompt §4,"SIT — Cautions: No apto para principiantes ni intermedios sin base · contraindicado en condición cardiovascular (Q12) · contraindicado durante embarazo · alto riesgo de lesión muscular sin calentamiento adecuado · espaciar mínimo 72 h entre sesiones SIT · monitorear sobreentrenamiento (insomnio, fatiga crónica, FC elevada en reposo).","SIT — Cautions: No apto para principiantes ni intermedios sin base · contraindicado en condición cardiovascular (Q12) · contraindicado durante embarazo · alto riesgo de lesión muscular sin calentamiento adecuado · espaciar mínimo 72 h entre sesiones SIT · monitorear sobreentrenamiento (insomnio, fatiga crónica, FC elevada en reposo)."
B-000093,relacion_causal,,Spec §4.3 Q4→subgroups mapping,Bajar de peso,Rule 38 map,prompt §4.3,Q4 'Bajar de peso' → Pesas individual: Hipertrofia (preserves muscle in deficit) | Aeróbico individual: MICT + HIIT,Q4 'Bajar de peso' → Pesas individual: Hipertrofia (preserves muscle in deficit) | Aeróbico individual: MICT + HIIT
B-000094,relacion_causal,,Spec §4.3 Q4→subgroups mapping,Mejorar mi estética corporal,Rule 38 map,prompt §4.3,Q4 'Mejorar mi estética corporal' → Pesas individual: Hipertrofia | Aeróbico individual: HIIT,Q4 'Mejorar mi estética corporal' → Pesas individual: Hipertrofia | Aeróbico individual: HIIT
B-000095,relacion_causal,,Spec §4.3 Q4→subgroups mapping,Ganar fuerza,Rule 38 map,prompt §4.3,Q4 'Ganar fuerza' → Pesas individual: Fuerza + Potencia | Aeróbico individual: MICT (aerobic base),Q4 'Ganar fuerza' → Pesas individual: Fuerza + Potencia | Aeróbico individual: MICT (aerobic base)
B-000096,relacion_causal,,Spec §4.3 Q4→subgroups mapping,Mejorar condición y aguante,Rule 38 map,prompt §4.3,Q4 'Mejorar condición y aguante' → Pesas individual: Resistencia muscular | Aeróbico individual: MICT + HIIT,Q4 'Mejorar condición y aguante' → Pesas individual: Resistencia muscular | Aeróbico individual: MICT + HIIT
B-000097,relacion_causal,,Spec §4.3 Q4→subgroups mapping,Recuperarme de una lesión o dolor,Rule 38 map,prompt §4.3,"Q4 'Recuperarme de una lesión o dolor' → Pesas individual: Resistencia muscular (light, supervised) | Aeróbico individual: LISS","Q4 'Recuperarme de una lesión o dolor' → Pesas individual: Resistencia muscular (light, supervised) | Aeróbico individual: LISS"
B-000098,regla,,Spec §4.3 Q4→subgroups mapping,union rule,Rule 38 map,prompt §4.3,"If Q4 has two selections (allowed up to 2), the recommended set is the union of both rows, deduplicated.","If Q4 has two selections (allowed up to 2), the recommended set is the union of both rows, deduplicated."
B-000099,regla,,Spec §5.2 Rule 20 pre-fill by landing,Home,Rule 20,prompt §5.2,"Landing 'Home': None from landing. Q3, Q4, or Q15 may be inferred from external search query per Rule 16. If external search includes location → pre-fill Q15 and Q16.","Landing 'Home': None from landing. Q3, Q4, or Q15 may be inferred from external search query per Rule 16. If external search includes location → pre-fill Q15 and Q16."
B-000100,regla,,Spec §5.2 Rule 20 pre-fill by landing,Individual club page,Rule 20,prompt §5.2,Landing 'Individual club page': Q15 and Q16 omitted entirely. Count drops by 2 for this entry path.,Landing 'Individual club page': Q15 and Q16 omitted entirely. Count drops by 2 for this entry path.
B-000101,regla,,Spec §5.2 Rule 20 pre-fill by landing,Amenity hub,Rule 20,prompt §5.2,Landing 'Amenity hub': None.,Landing 'Amenity hub': None.
B-000102,regla,,Spec §5.2 Rule 20 pre-fill by landing,Premium / regular class hub,Rule 20,prompt §5.2,"Landing 'Premium / regular class hub': Q4 pre-marks the movement-aligned goal. Class-to-goal map lives in content layer, not in v4.1.","Landing 'Premium / regular class hub': Q4 pre-marks the movement-aligned goal. Class-to-goal map lives in content layer, not in v4.1."
B-000103,regla,,Spec §5.2 Rule 20 pre-fill by landing,FitKidz,Rule 20,prompt §5.2,Landing 'FitKidz': Q14 pre-fills 'Yo y mis hijos'.,Landing 'FitKidz': Q14 pre-fills 'Yo y mis hijos'.
B-000104,regla,,Spec §5.2 Rule 20 pre-fill by landing,Goal hub — Primeros Pasos,Rule 20,prompt §5.2,Landing 'Goal hub — Primeros Pasos': Q9 pre-marks 'Principiante'.,Landing 'Goal hub — Primeros Pasos': Q9 pre-marks 'Principiante'.
B-000105,regla,,Spec §5.2 Rule 20 pre-fill by landing,Goal hub — Salud y Bienestar,Rule 20,prompt §5.2,Landing 'Goal hub — Salud y Bienestar': Q4 pre-marks 'Mejorar condición y aguante'.,Landing 'Goal hub — Salud y Bienestar': Q4 pre-marks 'Mejorar condición y aguante'.
B-000106,regla,,Spec §5.2 Rule 20 pre-fill by landing,Goal hub — Estética corporal,Rule 20,prompt §5.2,Landing 'Goal hub — Estética corporal': Q4 pre-marks 'Mejorar mi estética corporal'. (Renamed from Tonificar.),Landing 'Goal hub — Estética corporal': Q4 pre-marks 'Mejorar mi estética corporal'. (Renamed from Tonificar.)
B-000107,regla,,Spec §5.2 Rule 20 pre-fill by landing,Goal hub — Ganar Fuerza,Rule 20,prompt §5.2,Landing 'Goal hub — Ganar Fuerza': Q4 pre-marks 'Ganar fuerza'.,Landing 'Goal hub — Ganar Fuerza': Q4 pre-marks 'Ganar fuerza'.
B-000108,regla,,Spec §5.2 Rule 20 pre-fill by landing,Goal hub — Rehabilitación,Rule 20,prompt §5.2,Landing 'Goal hub — Rehabilitación': Q4 pre-marks 'Recuperarme de una lesión o dolor'.,Landing 'Goal hub — Rehabilitación': Q4 pre-marks 'Recuperarme de una lesión o dolor'.
B-000109,regla,,Spec §5.2 Rule 20 pre-fill by landing,YMYL hub — Bajar de peso,Rule 20,prompt §5.2,Landing 'YMYL hub — Bajar de peso': Q4 pre-marks 'Bajar de peso' → activates Q17–Q19.,Landing 'YMYL hub — Bajar de peso': Q4 pre-marks 'Bajar de peso' → activates Q17–Q19.
B-000110,regla,,Spec §5.2 Rule 20 pre-fill by landing,Personal Training,Rule 20,prompt §5.2,Landing 'Personal Training': Q13 pre-marks 'Acompañado/Acompañada'.,Landing 'Personal Training': Q13 pre-marks 'Acompañado/Acompañada'.
B-000111,regla,,Spec §5.2 Rule 20 pre-fill by landing,"Memberships, Journal",Rule 20,prompt §5.2,"Landing 'Memberships, Journal': None.","Landing 'Memberships, Journal': None."
B-000112,regla,,Spec §5.2 Rule 20 pre-fill by landing,entrenamiento-con-pesas-individual (and subpages),Rule 20,prompt §5.2,"Landing 'entrenamiento-con-pesas-individual (and subpages)': Q13 pre-marks 'Solo, a mi ritmo' (or 'Sola' if Q2 = Mujer). Subpage pre-marks Q4: Fuerza → 'Ganar fuerza'; Hipertrofia → 'Mejorar mi estética corporal'; Potencia → 'Ganar fuerza'; Resistencia muscular → 'Mejorar condición y aguante'. New.","Landing 'entrenamiento-con-pesas-individual (and subpages)': Q13 pre-marks 'Solo, a mi ritmo' (or 'Sola' if Q2 = Mujer). Subpage pre-marks Q4: Fuerza → 'Ganar fuerza'; Hipertrofia → 'Mejorar mi estética corporal'; Potencia → 'Ganar fuerza'; Resistencia muscular → 'Mejorar condición y aguante'. New."
B-000113,regla,,Spec §5.2 Rule 20 pre-fill by landing,entrenamiento-aerobico-individual (and subpages),Rule 20,prompt §5.2,"Landing 'entrenamiento-aerobico-individual (and subpages)': Q13 pre-marks 'Solo, a mi ritmo' (or 'Sola' if Q2 = Mujer). Subpage pre-marks Q4: LISS → no pre-mark; MICT → 'Mejorar condición y aguante' (default); HIIT → 'Mejorar mi estética corporal'; SIT → 'Mejorar condición y aguante'. New.","Landing 'entrenamiento-aerobico-individual (and subpages)': Q13 pre-marks 'Solo, a mi ritmo' (or 'Sola' if Q2 = Mujer). Subpage pre-marks Q4: LISS → no pre-mark; MICT → 'Mejorar condición y aguante' (default); HIIT → 'Mejorar mi estética corporal'; SIT → 'Mejorar condición y aguante'. New."
B-000114,regla,,Spec §5.2 Rule 20 pre-fill by landing,editable,Rule 20,prompt §5.2,Pre-fill is always editable by the user (preserve existing v4.1 convention).,Pre-fill is always editable by the user (preserve existing v4.1 convention).
B-000115,regla,,Spec §5.3 Rule 38,Rule 38 full text,Rule 38,prompt §5.3,"Rule 38 — Individual-training pre-fill and result behavior when the user trains alone. The site offers two top-level individual-training experiences (entrenamiento-con-pesas-individual and entrenamiento-aerobico-individual), each with four subgroups derived from current ACSM consensus (see Part 3, Individual-training subgroup taxonomy). When the user lands on any page within these two trees, Q13 pre-marks 'Solo, a mi ritmo' (rendered 'Sola' if Q2 = Mujer), and Q4 pre-marks the goal that corresponds to the subgroup landed on, per the mapping in Rule 20. When Q13 = 'Solo, a mi ritmo' (or 'Sola, a mi ritmo') in the final answer, the user's Experiencia Ideal result page does not recommend group classes. Instead it recommends: (1) the individual weight-training subgroup(s) that match Q4 per the table in Part 3; (2) the individual aerobic-training subgroup(s) that match Q4 per the same table. If Q4 contains two selections, the recommended set is the union of both rows, deduplicated. The class catalog is suppressed for this user state. The contextual menu (Rules 22–31) reflects this: where it would normally show 'Clases recomendadas', it instead shows 'Tu rutina individual'.","Rule 38 — Individual-training pre-fill and result behavior when the user trains alone. The site offers two top-level individual-training experiences (entrenamiento-con-pesas-individual and entrenamiento-aerobico-individual), each with four subgroups derived from current ACSM consensus (see Part 3, Individual-training subgroup taxonomy). When the user lands on any page within these two trees, Q13 pre-marks 'Solo, a mi ritmo' (rendered 'Sola' if Q2 = Mujer), and Q4 pre-marks the goal that corresponds to the subgroup landed on, per the mapping in Rule 20. When Q13 = 'Solo, a mi ritmo' (or 'Sola, a mi ritmo') in the final answer, the user's Experiencia Ideal result page does not recommend group classes. Instead it recommends: (1) the individual weight-training subgroup(s) that match Q4 per the table in Part 3; (2) the individual aerobic-training subgroup(s) that match Q4 per the same table. If Q4 contains two selections, the recommended set is the union of both rows, deduplicated. The class catalog is suppressed for this user state. The contextual menu (Rules 22–31) reflects this: where it would normally show 'Clases recomendadas', it instead shows 'Tu rutina individual'."
B-000116,supuesto,,Spec §5.1 expected loci (hypothesis),Document Control table,hypothesis,prompt §5.1,Likely-affected locus: Document Control table — Add row v4.2 with date + description,Likely-affected locus: Document Control table — Add row v4.2 with date + description
B-000117,supuesto,,Spec §5.1 expected loci (hypothesis),Rule 16,hypothesis,prompt §5.1,Likely-affected locus: Rule 16 — Edit vocabulary list (inferring from external search query),Likely-affected locus: Rule 16 — Edit vocabulary list (inferring from external search query)
B-000118,supuesto,,Spec §5.1 expected loci (hypothesis),Rule 17,hypothesis,prompt §5.1,Likely-affected locus: Rule 17 — Edit (P-codes → Q-codes) search-query precedence,Likely-affected locus: Rule 17 — Edit (P-codes → Q-codes) search-query precedence
B-000119,supuesto,,Spec §5.1 expected loci (hypothesis),Rule 18,hypothesis,prompt §5.1,Likely-affected locus: Rule 18 — Full rewrite → 16 base questions,Likely-affected locus: Rule 18 — Full rewrite → 16 base questions
B-000120,supuesto,,Spec §5.1 expected loci (hypothesis),Rule 19,hypothesis,prompt §5.1,Likely-affected locus: Rule 19 — Full rewrite → 3 WL optionals (Q17–Q19),Likely-affected locus: Rule 19 — Full rewrite → 3 WL optionals (Q17–Q19)
B-000121,supuesto,,Spec §5.1 expected loci (hypothesis),Rule 20,hypothesis,prompt §5.1,Likely-affected locus: Rule 20 — Full rewrite pre-fill by landing page,Likely-affected locus: Rule 20 — Full rewrite pre-fill by landing page
B-000122,supuesto,,Spec §5.1 expected loci (hypothesis),Rule 21,hypothesis,prompt §5.1,Likely-affected locus: Rule 21 — Edit (Q4 is multi-select max 2 always),Likely-affected locus: Rule 21 — Edit (Q4 is multi-select max 2 always)
B-000123,supuesto,,Spec §5.1 expected loci (hypothesis),Rules 22–31,hypothesis,prompt §5.1,Likely-affected locus: Rules 22–31 — Review only; update code refs if needed,Likely-affected locus: Rules 22–31 — Review only; update code refs if needed
B-000124,supuesto,,Spec §5.1 expected loci (hypothesis),Rule 32,hypothesis,prompt §5.1,"Likely-affected locus: Rule 32 — Edit (new counts, unified conditional pattern)","Likely-affected locus: Rule 32 — Edit (new counts, unified conditional pattern)"
B-000125,supuesto,,Spec §5.1 expected loci (hypothesis),Rule 33,hypothesis,prompt §5.1,Likely-affected locus: Rule 33 — Review only buttons by state,Likely-affected locus: Rule 33 — Review only buttons by state
B-000126,supuesto,,Spec §5.1 expected loci (hypothesis),Rule 38,hypothesis,prompt §5.1,Likely-affected locus: Rule 38 — Create new,Likely-affected locus: Rule 38 — Create new
B-000127,supuesto,,Spec §5.1 expected loci (hypothesis),Part 3 IA,hypothesis,prompt §5.1,Likely-affected locus: Part 3 IA — Add 2 new top-level pages + 8 subpages + Individual training subgroup taxonomy subsection,Likely-affected locus: Part 3 IA — Add 2 new top-level pages + 8 subpages + Individual training subgroup taxonomy subsection
B-000128,supuesto,,Spec §5.1 expected loci (hypothesis),Part 5 matrices,hypothesis,prompt §5.1,Likely-affected locus: Part 5 matrices — Recompute cells referencing counts/P-codes; add new pages,Likely-affected locus: Part 5 matrices — Recompute cells referencing counts/P-codes; add new pages
B-000129,supuesto,,Spec §5.1 expected loci (hypothesis),Part 6 edge cases,hypothesis,prompt §5.1,Likely-affected locus: Part 6 edge cases — Update abandon mid-flow thresholds; verify health disclaimer rejected,Likely-affected locus: Part 6 edge cases — Update abandon mid-flow thresholds; verify health disclaimer rejected
B-000130,supuesto,,Spec §5.1 expected loci (hypothesis),Appendix D,hypothesis,prompt §5.1,Likely-affected locus: Appendix D — Full rewrite of questionnaire-codes subsection (preserve other code systems),Likely-affected locus: Appendix D — Full rewrite of questionnaire-codes subsection (preserve other code systems)
B-000131,supuesto,,Spec §5.1 expected loci (hypothesis),Hub naming,hypothesis,prompt §5.1,Likely-affected locus: Hub naming — Rename Tonificar hub → Estética corporal,Likely-affected locus: Hub naming — Rename Tonificar hub → Estética corporal
